<beans xmlns="http://www.springframework.org/schema/beans"
       xmlns:xsi="http://www.w3.org/2001/XMLSchema-instance"
       xsi:schemaLocation="
        http://www.springframework.org/schema/beans
        http://www.springframework.org/schema/beans/spring-beans.xsd">

    
            <!-- SharedRDD cache example configuration (Atomic mode). -->
            <bean class="org.apache.ignite.configuration.CacheConfiguration" id="bondPxCacheConfig">
                <!-- Set a cache name. -->
                <property name="name" value="bondPxCache"/>
                <!-- Set a cache mode. -->
                <property name="cacheMode" value="PARTITIONED"/>                
                <!-- Set atomicity mode. -->
                <property name="atomicityMode" value="ATOMIC"/>
                <!-- Configure a number of backups. -->
                <property name="backups" value="1"/>
                <property name="affinity">
                        <bean class="org.apache.ignite.cache.affinity.rendezvous.RendezvousAffinityFunction">
                            <constructor-arg value="1"/>
                        </bean>
                  </property>
                  
                  
                    <property name="queryEntities">
                        <list>
                            <bean class="org.apache.ignite.cache.QueryEntity">
                            <property name="keyType" value="java.lang.String"/>
                                <property name="valueType" value="com.suresh.gridgain.bondPx.BondPx"/>
                                <property name="fields">
                                    <map>
                                        <entry key="cusip" value="java.lang.String"/>
                                        <entry key="tradedPar" value="java.lang.Integer"/>
                                        <entry key="px" value="java.lang.Double"/>										
										<entry key="yld" value="java.lang.Double"/>
                                        
                                        
                                        
                                        
                                    </map>
                                </property>
                                <property name="keyFields">
                                   <set>
                                   	<value>cusip</value>
                                   </set>
                                </property>
                            </bean>
                        </list>
                    </property>
                    
                    <property name="keyConfiguration">
			            <list>
			                <bean class="org.apache.ignite.cache.CacheKeyConfiguration">
			                    <property name="typeName" value="java.lang.String"/>
			                    <property name="affinityKeyFieldName" value="cusip" />
			                </bean>
			            </list>
			        </property>
                  
                  
            </bean>
        
</beans>
