CUSIP,TRADED_PAR,PX,YLD
RXL0ZTDYB,19500,88.75,3.25
YHDZKVYEB,29000,93.75,3.25
XFWAGD7SD,39500,85,5
ZY3RIH6DY,44500,93.75,4.25
W69JJ3ASE,16500,97.5,2.25
MLJJOW9AB,97500,81.25,4.25
OCJ6GZ0II,86000,93.75,1.75
JDI4THT94,13500,101.25,2
0LODOIOOO,86500,96.25,3.5
47ECSDUKQ,54500,98.75,4
RXL0ZTDYB,41000,86.25,3.25
YHDZKVYEB,70000,81.25,1.5
XFWAGD7SD,35000,80,3.25
ZY3RIH6DY,69000,93.75,2
W69JJ3ASE,40500,91.25,3.5
MLJJOW9AB,49500,81.25,3
OCJ6GZ0II,16500,93.75,4.25
JDI4THT94,92000,80,2.75
0LODOIOOO,10000,100,5
