<?xml version="1.0" encoding="UTF-8"?>


<beans xmlns="http://www.springframework.org/schema/beans"
       xmlns:xsi="http://www.w3.org/2001/XMLSchema-instance"
       xmlns:util="http://www.springframework.org/schema/util"
       xsi:schemaLocation="
        http://www.springframework.org/schema/beans
        http://www.springframework.org/schema/beans/spring-beans-2.5.xsd
        http://www.springframework.org/schema/util
        http://www.springframework.org/schema/util/spring-util-2.0.xsd">
   
   <import resource="miniBondCacheConfig.xml" />
   
   <import resource="bondPxCacheConfig.xml" />
   
   
   
    <bean id="igniteCfg" class="org.apache.ignite.configuration.IgniteConfiguration">
        
	<property name="clientMode" value="true"></property>
        <!-- Enable events for examples. -->
        <property name="includeEventTypes">
            <util:constant static-field="org.apache.ignite.events.EventType.EVTS_ALL"/>
        </property>
		
        <!-- Explicitly configure TCP discovery SPI to provide list of initial nodes. -->
        <property name="discoverySpi">
            <bean class="org.apache.ignite.spi.discovery.tcp.TcpDiscoverySpi">
                <property name="ipFinder">
                    <!-- Uncomment multicast IP finder to enable multicast-based discovery of initial nodes. -->
                    <!--<bean class="org.apache.ignite.spi.discovery.tcp.ipfinder.multicast.TcpDiscoveryMulticastIpFinder">-->
                    <bean class="org.apache.ignite.spi.discovery.tcp.ipfinder.vm.TcpDiscoveryVmIpFinder">
                        <property name="addresses">
                            <list>
                                <!-- In distributed environment, replace with actual host IP address. -->
                                <value>721f57a6-cfe5-47f3-a346-a376f9373d31.gridgain-nebula.com:47500</value>
                            </list>
                        </property>
                    </bean>
                </property>
            </bean>
        </property>
        
        <property name="communicationSpi">
            <bean class="org.apache.ignite.spi.communication.tcp.TcpCommunicationSpi">
                <property name="forceClientToServerConnections" value="true"/>
            </bean>
        </property>
        
         <property name="pluginConfigurations">
            <list>
                <bean class="org.gridgain.grid.configuration.GridGainConfiguration">
                    <!-- Set up authentication 
                    <property name="authenticator">
                        <bean parent="authenticator.cfg.base"/>
                    </property>-->

                    <property name="securityCredentialsProvider">
                        <bean class="org.apache.ignite.plugin.security.SecurityCredentialsBasicProvider">
                            <constructor-arg ref="cache.readwrite.cred"/>
                        </bean>
                    </property>
                    <property name="rollingUpdatesEnabled" value="true"/>
                    
                </bean>
            </list>
        </property>
        <property name="sslContextFactory">
        <bean class="org.apache.ignite.ssl.SslContextFactory">
        </bean>
    </property>
        
    </bean>
    <bean id="cache.readwrite.cred" class="org.apache.ignite.plugin.security.SecurityCredentials">
        <constructor-arg value="cluster-user"/>
        <constructor-arg value="suresh123"/>
    </bean>
</beans>
